drug,disease,gnn_score,confidence,safety_score,market_score,pathway_score,patent_score,adme_score,efficacy_score,rare_disease_flag,unmet_need_score
lisinopril,hypertension,0.3384955,0.07662824320529593,0.3999999999999999,0.65,0.0,0.8146971470902872,0.8326464651965109,0.687041814042968,1.0,0.2619736521410083
lisinopril,asthma,0.089653485,0.5646878330951106,0.3999999999999999,0.41412163676143754,0.63092977,0.8146971470902872,0.8326464651965109,0.687041814042968,1.0,1.0
lisinopril,copd,0.10016457,0.5304828915956099,0.3999999999999999,0.65,0.0,0.8146971470902872,0.8326464651965109,0.687041814042968,1.0,1.0
lisinopril,osteoporosis,0.21973312,0.2403201264179612,0.3999999999999999,0.65,0.0,0.8146971470902872,0.8326464651965109,0.687041814042968,1.0,1.0
lisinopril,alzheimer disease,0.24811372,0.19172522453811858,0.3999999999999999,0.65,0.0,0.8146971470902872,0.8326464651965109,0.687041814042968,1.0,1.0
lisinopril,parkinson disease,0.4742501,0.0019139921736168741,0.3999999999999999,0.41412163676143754,0.0,0.8146971470902872,0.8326464651965109,0.687041814042968,1.0,1.0
lisinopril,multiple sclerosis,0.18325433,0.31285518528055767,0.3999999999999999,0.41412163676143754,0.0,0.8146971470902872,0.8326464651965109,0.687041814042968,1.0,1.0
lisinopril,crohn disease,0.4954706,5.915928406141635e-05,0.3999999999999999,0.41412163676143754,0.63092977,0.8146971470902872,0.8326464651965109,0.687041814042968,1.0,1.0
lisinopril,ulcerative colitis,0.1888112,0.30102209097059296,0.3999999999999999,0.43796793410379825,0.0,0.8146971470902872,0.8326464651965109,0.687041814042968,1.0,1.0
lisinopril,psoriasis,0.15019415,0.38967398801084485,0.3999999999999999,0.43796793410379825,0.63092977,0.8146971470902872,0.8326464651965109,0.687041814042968,1.0,1.0
lisinopril,inflammation,0.2793095,0.14549173044594776,0.3999999999999999,0.43796793410379825,0.0,0.8146971470902872,0.8326464651965109,0.687041814042968,1.0,0.6262041267270018
lisinopril,cardiovascular disease,0.35192353,0.06422580032964997,0.3999999999999999,0.65,0.0,0.8146971470902872,0.8326464651965109,0.687041814042968,1.0,0.6262041267270018
lisinopril,type 2 diabetes,0.31899714,0.0967123771730547,0.3999999999999999,0.65,0.0,0.8146971470902872,0.8326464651965109,0.687041814042968,1.0,0.6262041267270018
lisinopril,rheumatoid arthritis,0.48513484,0.0006377089215638954,0.3999999999999999,0.41412163676143754,0.63092977,0.8146971470902872,0.8326464651965109,0.687041814042968,1.0,0.6262041267270018
lisinopril,pain,0.13694276,0.4238241530360457,0.3999999999999999,0.43796793410379825,0.0,0.8146971470902872,0.8326464651965109,0.687041814042968,1.0,0.6262041267270018
losartan,hypertension,0.0985256,0.5356956857432618,0.3999999999999999,0.65,0.0,0.11749061782759994,0.9814596283597309,0.7297790543059209,1.0,0.2619736521410083
losartan,asthma,0.047263723,0.7253422447195623,0.3999999999999999,0.41412163676143754,0.63092977,0.11749061782759994,0.9814596283597309,0.7297790543059209,1.0,1.0
losartan,copd,0.07791784,0.6052002813106674,0.3999999999999999,0.65,0.0,0.11749061782759994,0.9814596283597309,0.7297790543059209,1.0,1.0
losartan,osteoporosis,0.16069771,0.3640238935218876,0.3999999999999999,0.65,0.0,0.11749061782759994,0.9814596283597309,0.7297790543059209,1.0,1.0
losartan,alzheimer disease,0.1394359,0.41724044218270373,0.3999999999999999,0.65,0.0,0.11749061782759994,0.9814596283597309,0.7297790543059209,1.0,1.0
losartan,parkinson disease,0.32219902,0.09324322913117555,0.3999999999999999,0.41412163676143754,0.0,0.11749061782759994,0.9814596283597309,0.7297790543059209,1.0,1.0
losartan,multiple sclerosis,0.2514158,0.18648560109693224,0.3999999999999999,0.41412163676143754,0.0,0.11749061782759994,0.9814596283597309,0.7297790543059209,1.0,1.0
losartan,crohn disease,0.2786167,0.14644090269605958,0.3999999999999999,0.41412163676143754,0.63092977,0.11749061782759994,0.9814596283597309,0.7297790543059209,1.0,1.0
losartan,ulcerative colitis,0.28852093,0.13319703470106725,0.3999999999999999,0.43796793410379825,0.0,0.11749061782759994,0.9814596283597309,0.7297790543059209,1.0,1.0
losartan,psoriasis,0.06282633,0.6614363293726818,0.3999999999999999,0.43796793410379825,0.0,0.11749061782759994,0.9814596283597309,0.7297790543059209,1.0,1.0
losartan,inflammation,0.36958596,0.049646315068057056,0.3999999999999999,0.43796793410379825,0.0,0.11749061782759994,0.9814596283597309,0.7297790543059209,1.0,0.6262041267270018
losartan,cardiovascular disease,0.27450648,0.152142987485416,0.3999999999999999,0.65,0.0,0.11749061782759994,0.9814596283597309,0.7297790543059209,1.0,0.6262041267270018
losartan,type 2 diabetes,0.24526711,0.19630993804481933,0.3999999999999999,0.65,0.0,0.11749061782759994,0.9814596283597309,0.7297790543059209,1.0,0.6262041267270018
losartan,rheumatoid arthritis,0.29060072,0.13050404436253193,0.3999999999999999,0.41412163676143754,0.0,0.11749061782759994,0.9814596283597309,0.7297790543059209,1.0,0.6262041267270018
losartan,pain,0.15496229,0.3778795897973244,0.3999999999999999,0.43796793410379825,0.0,0.11749061782759994,0.9814596283597309,0.7297790543059209,1.0,0.6262041267270018
amlodipine,hypertension,0.16067846,0.364069812889668,0.3999999999999999,0.65,0.0,0.14541989694197624,0.9524010280208665,0.9353677787336384,1.0,0.2619736521410083
amlodipine,asthma,0.06658079,0.6469677729208955,0.3999999999999999,0.41412163676143754,0.0,0.14541989694197624,0.9524010280208665,0.9353677787336384,1.0,1.0
amlodipine,copd,0.06335031,0.6593967226226056,0.3999999999999999,0.65,0.0,0.14541989694197624,0.9524010280208665,0.9353677787336384,1.0,1.0
amlodipine,osteoporosis,0.2579599,0.1763477397765223,0.3999999999999999,0.65,0.0,0.14541989694197624,0.9524010280208665,0.9353677787336384,1.0,1.0
amlodipine,alzheimer disease,0.11304731,0.49096033252275684,0.3999999999999999,0.65,0.0,0.14541989694197624,0.9524010280208665,0.9353677787336384,1.0,1.0
amlodipine,parkinson disease,0.28007293,0.14444985954702083,0.3999999999999999,0.41412163676143754,0.0,0.14541989694197624,0.9524010280208665,0.9353677787336384,1.0,1.0
amlodipine,multiple sclerosis,0.115840815,0.48271402238786143,0.3999999999999999,0.41412163676143754,0.0,0.14541989694197624,0.9524010280208665,0.9353677787336384,1.0,1.0
amlodipine,crohn disease,0.21791136,0.24366467302929018,0.3999999999999999,0.41412163676143754,0.0,0.14541989694197624,0.9524010280208665,0.9353677787336384,1.0,1.0
amlodipine,ulcerative colitis,0.22837041,0.2248402259877761,0.3999999999999999,0.43796793410379825,0.63092977,0.14541989694197624,0.9524010280208665,0.9353677787336384,1.0,1.0
amlodipine,psoriasis,0.08553369,0.5786165360058386,0.3999999999999999,0.43796793410379825,0.63092977,0.14541989694197624,0.9524010280208665,0.9353677787336384,1.0,1.0
amlodipine,inflammation,0.32141182,0.09408981373004777,0.3999999999999999,0.43796793410379825,0.63092977,0.14541989694197624,0.9524010280208665,0.9353677787336384,1.0,0.6262041267270018
amlodipine,cardiovascular disease,0.20829038,0.2617978358056613,0.3999999999999999,0.65,0.0,0.14541989694197624,0.9524010280208665,0.9353677787336384,1.0,0.6262041267270018
amlodipine,type 2 diabetes,0.2975877,0.12167789472025259,0.3999999999999999,0.65,0.0,0.14541989694197624,0.9524010280208665,0.9353677787336384,1.0,0.6262041267270018
amlodipine,rheumatoid arthritis,0.22045773,0.2389975798328262,0.3999999999999999,0.41412163676143754,0.63092977,0.14541989694197624,0.9524010280208665,0.9353677787336384,1.0,0.6262041267270018
amlodipine,pain,0.21308812,0.25265566804242157,0.3999999999999999,0.43796793410379825,1.0,0.14541989694197624,0.9524010280208665,0.9353677787336384,1.0,0.6262041267270018
atorvastatin,hypertension,0.108518526,0.5045688037375783,0.3999999999999999,0.65,0.0,0.8588666652243391,0.8974035205378689,0.5397616599841732,1.0,0.2619736521410083
atorvastatin,asthma,0.030267734,0.8042672544814723,0.3999999999999999,0.41412163676143754,0.0,0.8588666652243391,0.8974035205378689,0.5397616599841732,1.0,1.0
atorvastatin,copd,0.055313118,0.6914483553419785,0.3999999999999999,0.65,0.0,0.8588666652243391,0.8974035205378689,0.5397616599841732,1.0,1.0
atorvastatin,osteoporosis,0.18359636,0.31211832561293595,0.3999999999999999,0.65,0.0,0.8588666652243391,0.8974035205378689,0.5397616599841732,1.0,1.0
atorvastatin,alzheimer disease,0.07815094,0.6043698200853136,0.3999999999999999,0.65,0.0,0.8588666652243391,0.8974035205378689,0.5397616599841732,1.0,1.0
atorvastatin,parkinson disease,0.28020424,0.14427099759012352,0.3999999999999999,0.41412163676143754,0.0,0.8588666652243391,0.8974035205378689,0.5397616599841732,1.0,1.0
atorvastatin,multiple sclerosis,0.1319478,0.43724400227853333,0.3999999999999999,0.41412163676143754,0.0,0.8588666652243391,0.8974035205378689,0.5397616599841732,1.0,1.0
atorvastatin,crohn disease,0.22778551,0.2258691121965628,0.3999999999999999,0.41412163676143754,0.0,0.8588666652243391,0.8974035205378689,0.5397616599841732,1.0,1.0
atorvastatin,ulcerative colitis,0.12060124,0.46891336056070076,0.3999999999999999,0.43796793410379825,0.63092977,0.8588666652243391,0.8974035205378689,0.5397616599841732,1.0,1.0
atorvastatin,psoriasis,0.052146498,0.7045539277878456,0.3999999999999999,0.43796793410379825,0.0,0.8588666652243391,0.8974035205378689,0.5397616599841732,1.0,1.0
atorvastatin,inflammation,0.20679252,0.2646931637329367,0.3999999999999999,0.43796793410379825,0.0,0.8588666652243391,0.8974035205378689,0.5397616599841732,1.0,0.6262041267270018
atorvastatin,cardiovascular disease,0.27115223,0.15688678494416486,0.3999999999999999,0.65,0.0,0.8588666652243391,0.8974035205378689,0.5397616599841732,1.0,0.6262041267270018
atorvastatin,type 2 diabetes,0.2239679,0.23265313984249714,0.3999999999999999,0.65,0.0,0.8588666652243391,0.8974035205378689,0.5397616599841732,1.0,0.6262041267270018
atorvastatin,rheumatoid arthritis,0.18488356,0.30935525234417405,0.3999999999999999,0.41412163676143754,0.0,0.8588666652243391,0.8974035205378689,0.5397616599841732,1.0,0.6262041267270018
atorvastatin,pain,0.13488242,0.42932218041015335,0.3999999999999999,0.43796793410379825,0.0,0.8588666652243391,0.8974035205378689,0.5397616599841732,1.0,0.6262041267270018
simvastatin,hypertension,0.14239974,0.40951081092666297,0.3999999999999999,0.65,0.0,0.00088854192832315,0.8115384495372998,0.9862890514345839,1.0,0.2619736521410083
simvastatin,asthma,0.24941231,0.18965463941305571,0.3999999999999999,0.41412163676143754,0.63092977,0.00088854192832315,0.8115384495372998,0.9862890514345839,1.0,1.0
simvastatin,copd,0.09898726,0.5342229123125981,0.3999999999999999,0.65,0.0,0.00088854192832315,0.8115384495372998,0.9862890514345839,1.0,1.0
simvastatin,osteoporosis,0.35993323,0.057372205701441525,0.3999999999999999,0.65,0.0,0.00088854192832315,0.8115384495372998,0.9862890514345839,1.0,1.0
simvastatin,alzheimer disease,0.32737193,0.08778114613109822,0.3999999999999999,0.65,0.0,0.00088854192832315,0.8115384495372998,0.9862890514345839,1.0,1.0
simvastatin,parkinson disease,0.4121874,0.022365223109642285,0.3999999999999999,0.41412163676143754,0.0,0.00088854192832315,0.8115384495372998,0.9862890514345839,1.0,1.0
simvastatin,multiple sclerosis,0.13026935,0.44182359930137094,0.3999999999999999,0.41412163676143754,0.0,0.00088854192832315,0.8115384495372998,0.9862890514345839,1.0,1.0
simvastatin,crohn disease,0.2546992,0.18135836831808472,0.3999999999999999,0.41412163676143754,0.63092977,0.00088854192832315,0.8115384495372998,0.9862890514345839,1.0,1.0
simvastatin,ulcerative colitis,0.28515416,0.13762103042053675,0.3999999999999999,0.43796793410379825,0.0,0.00088854192832315,0.8115384495372998,0.9862890514345839,1.0,1.0
simvastatin,psoriasis,0.1893611,0.29986696949607283,0.3999999999999999,0.43796793410379825,0.63092977,0.00088854192832315,0.8115384495372998,0.9862890514345839,1.0,1.0
simvastatin,inflammation,0.28052905,0.14382934614270781,0.3999999999999999,0.43796793410379825,0.0,0.00088854192832315,0.8115384495372998,0.9862890514345839,1.0,0.6262041267270018
simvastatin,cardiovascular disease,0.3018907,0.1164100661243248,0.3999999999999999,0.65,0.0,0.00088854192832315,0.8115384495372998,0.9862890514345839,1.0,0.6262041267270018
simvastatin,type 2 diabetes,0.4346519,0.012357036707982938,0.3999999999999999,0.65,0.0,0.00088854192832315,0.8115384495372998,0.9862890514345839,1.0,0.6262041267270018
simvastatin,rheumatoid arthritis,0.21520261,0.24868957613087428,0.3999999999999999,0.41412163676143754,0.0,0.00088854192832315,0.8115384495372998,0.9862890514345839,1.0,0.6262041267270018
simvastatin,pain,0.17023629,0.3417549779488931,0.3999999999999999,0.43796793410379825,0.0,0.00088854192832315,0.8115384495372998,0.9862890514345839,1.0,0.6262041267270018
metoprolol,hypertension,0.09928096,0.533287842639857,0.3999999999999999,0.65,0.0,0.7710278207739301,0.7415541043834455,0.7224541506401346,1.0,0.2619736521410083
metoprolol,asthma,0.047287025,0.7252412909035058,0.3999999999999999,0.41412163676143754,0.63092977,0.7710278207739301,0.7415541043834455,0.7224541506401346,1.0,1.0
metoprolol,copd,0.10654561,0.5105922811057346,0.3999999999999999,0.65,0.0,0.7710278207739301,0.7415541043834455,0.7224541506401346,1.0,1.0
metoprolol,osteoporosis,0.41645077,0.020236163883286196,0.3999999999999999,0.65,0.0,0.7710278207739301,0.7415541043834455,0.7224541506401346,1.0,1.0
metoprolol,alzheimer disease,0.23525585,0.21293851060011715,0.3999999999999999,0.65,0.0,0.7710278207739301,0.7415541043834455,0.7224541506401346,1.0,1.0
metoprolol,parkinson disease,0.489645,0.0003093940410668905,0.3999999999999999,0.41412163676143754,0.0,0.7710278207739301,0.7415541043834455,0.7224541506401346,1.0,1.0
metoprolol,multiple sclerosis,0.10316735,0.5210437957856555,0.3999999999999999,0.41412163676143754,0.0,0.7710278207739301,0.7415541043834455,0.7224541506401346,1.0,1.0
metoprolol,crohn disease,0.32685983,0.08831412036612207,0.3999999999999999,0.41412163676143754,0.0,0.7710278207739301,0.7415541043834455,0.7224541506401346,1.0,1.0
metoprolol,ulcerative colitis,0.113371864,0.48999654174732166,0.3999999999999999,0.43796793410379825,1.0,0.7710278207739301,0.7415541043834455,0.7224541506401346,1.0,1.0
metoprolol,psoriasis,0.09792163,0.537627523864741,0.3999999999999999,0.43796793410379825,0.0,0.7710278207739301,0.7415541043834455,0.7224541506401346,1.0,1.0
metoprolol,inflammation,0.37834594,0.043134535958438525,0.3999999999999999,0.43796793410379825,0.0,0.7710278207739301,0.7415541043834455,0.7224541506401346,1.0,0.6262041267270018
metoprolol,cardiovascular disease,0.3206028,0.09496425951835974,0.3999999999999999,0.65,0.0,0.7710278207739301,0.7415541043834455,0.7224541506401346,1.0,0.6262041267270018
metoprolol,type 2 diabetes,0.42934912,0.014450839490912193,0.3999999999999999,0.65,0.0,0.7710278207739301,0.7415541043834455,0.7224541506401346,1.0,0.6262041267270018
metoprolol,rheumatoid arthritis,0.18488787,0.3093460512723528,0.3999999999999999,0.41412163676143754,0.0,0.7710278207739301,0.7415541043834455,0.7224541506401346,1.0,0.6262041267270018
metoprolol,pain,0.06377193,0.6577603721931402,0.3999999999999999,0.43796793410379825,0.63092977,0.7710278207739301,0.7415541043834455,0.7224541506401346,1.0,0.6262041267270018
warfarin,hypertension,0.19218864,0.2939725221117264,0.3999999999999999,0.65,0.0,0.18784281583940074,0.6684530762838977,0.6711358835472842,1.0,0.2619736521410083
warfarin,asthma,0.23279217,0.21715303145083564,0.3999999999999999,0.41412163676143754,0.0,0.18784281583940074,0.6684530762838977,0.6711358835472842,1.0,1.0
warfarin,copd,0.23463929,0.21398863666628543,0.3999999999999999,0.65,0.0,0.18784281583940074,0.6684530762838977,0.6711358835472842,1.0,1.0
warfarin,osteoporosis,0.36939785,0.04979129644273439,0.3999999999999999,0.65,0.0,0.18784281583940074,0.6684530762838977,0.6711358835472842,1.0,1.0
warfarin,alzheimer disease,0.26316112,0.16852080933575586,0.3999999999999999,0.65,0.0,0.18784281583940074,0.6684530762838977,0.6711358835472842,1.0,1.0
warfarin,parkinson disease,0.3217525,0.09372297473575741,0.3999999999999999,0.41412163676143754,0.0,0.18784281583940074,0.6684530762838977,0.6711358835472842,1.0,1.0
warfarin,multiple sclerosis,0.21712151,0.24512351586523395,0.3999999999999999,0.41412163676143754,0.0,0.18784281583940074,0.6684530762838977,0.6711358835472842,1.0,1.0
warfarin,crohn disease,0.22714283,0.22700273583972497,0.3999999999999999,0.41412163676143754,0.0,0.18784281583940074,0.6684530762838977,0.6711358835472842,1.0,1.0
warfarin,ulcerative colitis,0.3080902,0.10904336125726721,0.3999999999999999,0.43796793410379825,1.0,0.18784281583940074,0.6684530762838977,0.6711358835472842,1.0,1.0
warfarin,psoriasis,0.2731038,0.15411674637804296,0.3999999999999999,0.43796793410379825,0.0,0.18784281583940074,0.6684530762838977,0.6711358835472842,1.0,1.0
warfarin,inflammation,0.39676294,0.03097441663785816,0.3999999999999999,0.43796793410379825,0.63092977,0.18784281583940074,0.6684530762838977,0.6711358835472842,1.0,0.6262041267270018
warfarin,cardiovascular disease,0.25003824,0.18866126762167224,0.3999999999999999,0.65,0.0,0.18784281583940074,0.6684530762838977,0.6711358835472842,1.0,0.6262041267270018
warfarin,type 2 diabetes,0.2505112,0.18791262714246637,0.3999999999999999,0.65,0.0,0.18784281583940074,0.6684530762838977,0.6711358835472842,1.0,0.6262041267270018
warfarin,rheumatoid arthritis,0.3190603,0.09664332613873328,0.3999999999999999,0.41412163676143754,0.0,0.18784281583940074,0.6684530762838977,0.6711358835472842,1.0,0.6262041267270018
warfarin,pain,0.1769536,0.3266328874238281,0.3999999999999999,0.43796793410379825,1.0,0.18784281583940074,0.6684530762838977,0.6711358835472842,1.0,0.6262041267270018
sertraline,hypertension,0.14339039,0.40695046220760567,0.95,0.65,0.0,0.12733011143886408,0.8356994175028497,0.9721451038973866,1.0,0.2619736521410083
sertraline,asthma,0.064611815,0.6545136837101521,0.95,0.41412163676143754,0.0,0.12733011143886408,0.8356994175028497,0.9721451038973866,1.0,1.0
sertraline,copd,0.11820419,0.4758232795070667,0.95,0.65,0.0,0.12733011143886408,0.8356994175028497,0.9721451038973866,1.0,1.0
sertraline,osteoporosis,0.2240124,0.23257333989249684,0.95,0.65,0.0,0.12733011143886408,0.8356994175028497,0.9721451038973866,1.0,1.0
sertraline,alzheimer disease,0.12629415,0.45281346267415523,0.95,0.65,0.0,0.12733011143886408,0.8356994175028497,0.9721451038973866,1.0,1.0
sertraline,parkinson disease,0.34335113,0.07201050902962958,0.95,0.41412163676143754,0.63092977,0.12733011143886408,0.8356994175028497,0.9721451038973866,1.0,1.0
sertraline,multiple sclerosis,0.1747385,0.3315694774341942,0.95,0.41412163676143754,0.0,0.12733011143886408,0.8356994175028497,0.9721451038973866,1.0,1.0
sertraline,crohn disease,0.17869341,0.32278967711632234,0.95,0.41412163676143754,0.0,0.12733011143886408,0.8356994175028497,0.9721451038973866,1.0,1.0
sertraline,ulcerative colitis,0.22596794,0.2290839838891413,0.95,0.43796793410379825,0.63092977,0.12733011143886408,0.8356994175028497,0.9721451038973866,1.0,1.0
sertraline,psoriasis,0.07383739,0.6199164067883707,0.95,0.43796793410379825,0.63092977,0.12733011143886408,0.8356994175028497,0.9721451038973866,1.0,1.0
sertraline,inflammation,0.3509927,0.0650484793400522,0.95,0.43796793410379825,0.63092977,0.12733011143886408,0.8356994175028497,0.9721451038973866,1.0,0.6262041267270018
sertraline,cardiovascular disease,0.3294513,0.08563523260495753,0.95,0.65,0.0,0.12733011143886408,0.8356994175028497,0.9721451038973866,1.0,0.6262041267270018
sertraline,type 2 diabetes,0.24299832,0.20000902689090205,0.95,0.65,0.0,0.12733011143886408,0.8356994175028497,0.9721451038973866,1.0,0.6262041267270018
sertraline,rheumatoid arthritis,0.21472497,0.2495822520801777,0.95,0.41412163676143754,0.63092977,0.12733011143886408,0.8356994175028497,0.9721451038973866,1.0,0.6262041267270018
sertraline,pain,0.032795843,0.7917753161338835,0.95,0.43796793410379825,0.63092977,0.12733011143886408,0.8356994175028497,0.9721451038973866,1.0,0.6262041267270018
fluoxetine,hypertension,0.13445151,0.43047867774588033,0.95,0.65,0.0,0.9700548789972353,0.5224223462106518,0.9702470633222323,1.0,0.2619736521410083
fluoxetine,asthma,0.050526284,0.7113716425355179,0.95,0.41412163676143754,0.0,0.9700548789972353,0.5224223462106518,0.9702470633222323,1.0,1.0
fluoxetine,copd,0.080266304,0.5968831573192792,0.95,0.65,0.0,0.9700548789972353,0.5224223462106518,0.9702470633222323,1.0,1.0
fluoxetine,osteoporosis,0.3498493,0.06606661663316005,0.95,0.65,0.0,0.9700548789972353,0.5224223462106518,0.9702470633222323,1.0,1.0
fluoxetine,alzheimer disease,0.21206203,0.2545942564829471,0.95,0.65,0.0,0.9700548789972353,0.5224223462106518,0.9702470633222323,1.0,1.0
fluoxetine,parkinson disease,0.4907394,0.000247480286756252,0.95,0.41412163676143754,0.0,0.9700548789972353,0.5224223462106518,0.9702470633222323,1.0,1.0
fluoxetine,multiple sclerosis,0.15645635,0.374235793373494,0.95,0.41412163676143754,0.0,0.9700548789972353,0.5224223462106518,0.9702470633222323,1.0,1.0
fluoxetine,crohn disease,0.3597814,0.057498440967174824,0.95,0.41412163676143754,0.63092977,0.9700548789972353,0.5224223462106518,0.9702470633222323,1.0,1.0
fluoxetine,ulcerative colitis,0.06804201,0.6414259759621432,0.95,0.43796793410379825,0.63092977,0.9700548789972353,0.5224223462106518,0.9702470633222323,1.0,1.0
fluoxetine,psoriasis,0.07140239,0.6288645781214373,0.95,0.43796793410379825,0.63092977,0.9700548789972353,0.5224223462106518,0.9702470633222323,1.0,1.0
fluoxetine,inflammation,0.3280684,0.08705933494542706,0.95,0.43796793410379825,0.63092977,0.9700548789972353,0.5224223462106518,0.9702470633222323,1.0,0.6262041267270018
fluoxetine,cardiovascular disease,0.3374149,0.07767664944495567,0.95,0.65,0.0,0.9700548789972353,0.5224223462106518,0.9702470633222323,1.0,0.6262041267270018
fluoxetine,type 2 diabetes,0.28805473,0.13380490738054185,0.95,0.65,0.0,0.9700548789972353,0.5224223462106518,0.9702470633222323,1.0,0.6262041267270018
fluoxetine,rheumatoid arthritis,0.08839063,0.5689249696644176,0.95,0.41412163676143754,0.0,0.9700548789972353,0.5224223462106518,0.9702470633222323,1.0,0.6262041267270018
fluoxetine,pain,0.040460154,0.7556019687017641,0.95,0.43796793410379825,1.0,0.9700548789972353,0.5224223462106518,0.9702470633222323,1.0,0.6262041267270018
citalopram,hypertension,0.12317781,0.4615730550305507,0.95,0.65,0.0,0.06131064284352697,0.708348402292312,0.7159080968599016,1.0,0.2619736521410083
citalopram,asthma,0.09638677,0.542563812905468,0.95,0.41412163676143754,0.0,0.06131064284352697,0.708348402292312,0.7159080968599016,1.0,1.0
citalopram,copd,0.043820694,0.7404563165535308,0.95,0.65,0.0,0.06131064284352697,0.708348402292312,0.7159080968599016,1.0,1.0
citalopram,osteoporosis,0.23736505,0.20936909667278492,0.95,0.65,0.0,0.06131064284352697,0.708348402292312,0.7159080968599016,1.0,1.0
citalopram,alzheimer disease,0.40442538,0.026519550032558903,0.95,0.65,0.0,0.06131064284352697,0.708348402292312,0.7159080968599016,1.0,1.0
citalopram,parkinson disease,0.47270575,0.002150640301204043,0.95,0.41412163676143754,0.0,0.06131064284352697,0.708348402292312,0.7159080968599016,1.0,1.0
citalopram,multiple sclerosis,0.051748835,0.7062200957094046,0.95,0.41412163676143754,0.0,0.06131064284352697,0.708348402292312,0.7159080968599016,1.0,1.0
citalopram,crohn disease,0.19322975,0.2918208471667818,0.95,0.41412163676143754,0.63092977,0.06131064284352697,0.708348402292312,0.7159080968599016,1.0,1.0
citalopram,ulcerative colitis,0.17538393,0.33012602704550253,0.95,0.43796793410379825,0.0,0.06131064284352697,0.708348402292312,0.7159080968599016,1.0,1.0
citalopram,psoriasis,0.09547715,0.5455077259316121,0.95,0.43796793410379825,0.0,0.06131064284352697,0.708348402292312,0.7159080968599016,1.0,1.0
citalopram,inflammation,0.15400966,0.38021584512230744,0.95,0.43796793410379825,0.63092977,0.06131064284352697,0.708348402292312,0.7159080968599016,1.0,0.6262041267270018
citalopram,cardiovascular disease,0.2736912,0.1532884779314877,0.95,0.65,0.0,0.06131064284352697,0.708348402292312,0.7159080968599016,1.0,0.6262041267270018
citalopram,type 2 diabetes,0.34440643,0.07102694024934508,0.95,0.65,0.0,0.06131064284352697,0.708348402292312,0.7159080968599016,1.0,0.6262041267270018
citalopram,rheumatoid arthritis,0.2133992,0.2520698951335828,0.95,0.41412163676143754,0.0,0.06131064284352697,0.708348402292312,0.7159080968599016,1.0,0.6262041267270018
citalopram,pain,0.094722934,0.5479591236413479,0.95,0.43796793410379825,0.63092977,0.06131064284352697,0.708348402292312,0.7159080968599016,1.0,0.6262041267270018
venlafaxine,hypertension,0.036575828,0.7736340271772592,0.95,0.65,0.0,0.03856825453788722,0.5901244513459912,0.9318557331909032,1.0,0.2619736521410083
venlafaxine,asthma,0.016592165,0.8781469489509239,0.95,0.41412163676143754,0.0,0.03856825453788722,0.5901244513459912,0.9318557331909032,1.0,1.0
venlafaxine,copd,0.028876282,0.8112751820409987,0.95,0.65,0.0,0.03856825453788722,0.5901244513459912,0.9318557331909032,1.0,1.0
venlafaxine,osteoporosis,0.07043639,0.6324499864352996,0.95,0.65,0.0,0.03856825453788722,0.5901244513459912,0.9318557331909032,1.0,1.0
venlafaxine,alzheimer disease,0.07671436,0.6095051790444143,0.95,0.65,0.0,0.03856825453788722,0.5901244513459912,0.9318557331909032,1.0,1.0
venlafaxine,parkinson disease,0.1745811,0.33192212785978836,0.95,0.41412163676143754,0.0,0.03856825453788722,0.5901244513459912,0.9318557331909032,1.0,1.0
venlafaxine,multiple sclerosis,0.03770173,0.7683463990786508,0.95,0.41412163676143754,0.0,0.03856825453788722,0.5901244513459912,0.9318557331909032,1.0,1.0
venlafaxine,crohn disease,0.081096984,0.593967234469563,0.95,0.41412163676143754,0.63092977,0.03856825453788722,0.5901244513459912,0.9318557331909032,1.0,1.0
venlafaxine,ulcerative colitis,0.12584636,0.45406420650255497,0.95,0.43796793410379825,0.63092977,0.03856825453788722,0.5901244513459912,0.9318557331909032,1.0,1.0
venlafaxine,psoriasis,0.04577788,0.7318165746069554,0.95,0.43796793410379825,0.63092977,0.03856825453788722,0.5901244513459912,0.9318557331909032,1.0,1.0
venlafaxine,inflammation,0.13801931,0.4209719927541369,0.95,0.43796793410379825,0.63092977,0.03856825453788722,0.5901244513459912,0.9318557331909032,1.0,0.6262041267270018
venlafaxine,cardiovascular disease,0.10475714,0.516103508148296,0.95,0.65,0.0,0.03856825453788722,0.5901244513459912,0.9318557331909032,1.0,0.6262041267270018
venlafaxine,type 2 diabetes,0.10898079,0.5031659412544903,0.95,0.65,0.0,0.03856825453788722,0.5901244513459912,0.9318557331909032,1.0,0.6262041267270018
venlafaxine,rheumatoid arthritis,0.047014695,0.7264223387626434,0.95,0.41412163676143754,0.0,0.03856825453788722,0.5901244513459912,0.9318557331909032,1.0,0.6262041267270018
venlafaxine,pain,0.035921264,0.7767318861737569,0.95,0.43796793410379825,1.0,0.03856825453788722,0.5901244513459912,0.9318557331909032,1.0,0.6262041267270018
valproate,hypertension,0.17824854,0.32376950527395043,0.95,0.65,0.0,0.1892471615202088,0.913803532618374,0.9447902433902572,1.0,0.2619736521410083
valproate,asthma,0.030118218,0.8050156154888705,0.95,0.41412163676143754,0.63092977,0.1892471615202088,0.913803532618374,0.9447902433902572,1.0,1.0
valproate,copd,0.056374103,0.6871200034742201,0.95,0.65,0.0,0.1892471615202088,0.913803532618374,0.9447902433902572,1.0,1.0
valproate,osteoporosis,0.06390659,0.6572387058174105,0.95,0.65,0.0,0.1892471615202088,0.913803532618374,0.9447902433902572,1.0,1.0
valproate,alzheimer disease,0.18473057,0.309682836298405,0.95,0.65,0.0,0.1892471615202088,0.913803532618374,0.9447902433902572,1.0,1.0
valproate,parkinson disease,0.103128485,0.5211650865501766,0.95,0.41412163676143754,0.63092977,0.1892471615202088,0.913803532618374,0.9447902433902572,1.0,1.0
valproate,multiple sclerosis,0.0559171,0.6889805762847481,0.95,0.41412163676143754,0.63092977,0.1892471615202088,0.913803532618374,0.9447902433902572,1.0,1.0
valproate,crohn disease,0.06115665,0.6679806561989761,0.95,0.41412163676143754,0.63092977,0.1892471615202088,0.913803532618374,0.9447902433902572,1.0,1.0
valproate,ulcerative colitis,0.13701901,0.4236216434646547,0.95,0.43796793410379825,0.0,0.1892471615202088,0.913803532618374,0.9447902433902572,1.0,1.0
valproate,psoriasis,0.086951725,0.5737876071349126,0.95,0.43796793410379825,0.0,0.1892471615202088,0.913803532618374,0.9447902433902572,1.0,1.0
valproate,inflammation,0.12305064,0.46193331568844553,0.95,0.43796793410379825,1.0,0.1892471615202088,0.913803532618374,0.9447902433902572,1.0,0.6262041267270018
valproate,cardiovascular disease,0.2776849,0.14772294736691638,0.95,0.65,0.0,0.1892471615202088,0.913803532618374,0.9447902433902572,1.0,0.6262041267270018
valproate,type 2 diabetes,0.15802431,0.37043790049449066,0.95,0.65,0.0,0.1892471615202088,0.913803532618374,0.9447902433902572,1.0,0.6262041267270018
valproate,rheumatoid arthritis,0.2683445,0.1609208959941283,0.95,0.41412163676143754,0.0,0.1892471615202088,0.913803532618374,0.9447902433902572,1.0,0.6262041267270018
valproate,pain,0.031412847,0.7985715330501978,0.95,0.43796793410379825,0.63092977,0.1892471615202088,0.913803532618374,0.9447902433902572,1.0,0.6262041267270018
carbamazepine,hypertension,0.34428725,0.07113769707650075,0.95,0.65,0.0,0.7123372960334509,0.5638231154163743,0.6982481791430365,1.0,0.2619736521410083
carbamazepine,asthma,0.09442456,0.5489315565449888,0.95,0.41412163676143754,0.63092977,0.7123372960334509,0.5638231154163743,0.6982481791430365,1.0,1.0
carbamazepine,copd,0.13319217,0.43387180945607806,0.95,0.65,0.0,0.7123372960334509,0.5638231154163743,0.6982481791430365,1.0,1.0
carbamazepine,osteoporosis,0.3495625,0.06632330073957271,0.95,0.65,0.0,0.7123372960334509,0.5638231154163743,0.6982481791430365,1.0,1.0
carbamazepine,alzheimer disease,0.2198562,0.24009517311063266,0.95,0.65,0.0,0.7123372960334509,0.5638231154163743,0.6982481791430365,1.0,1.0
carbamazepine,parkinson disease,0.5054504,8.564461229432219e-05,0.95,0.41412163676143754,0.0,0.7123372960334509,0.5638231154163743,0.6982481791430365,1.0,1.0
carbamazepine,multiple sclerosis,0.19193906,0.29448971693853354,0.95,0.41412163676143754,0.0,0.7123372960334509,0.5638231154163743,0.6982481791430365,1.0,1.0
carbamazepine,crohn disease,0.51747286,0.0008810643725347678,0.95,0.41412163676143754,0.0,0.7123372960334509,0.5638231154163743,0.6982481791430365,1.0,1.0
carbamazepine,ulcerative colitis,0.21202093,0.25467207863246255,0.95,0.43796793410379825,0.63092977,0.7123372960334509,0.5638231154163743,0.6982481791430365,1.0,1.0
carbamazepine,psoriasis,0.14812069,0.3948827405662013,0.95,0.43796793410379825,0.0,0.7123372960334509,0.5638231154163743,0.6982481791430365,1.0,1.0
carbamazepine,inflammation,0.2483048,0.19141978335018617,0.95,0.43796793410379825,0.0,0.7123372960334509,0.5638231154163743,0.6982481791430365,1.0,0.6262041267270018
carbamazepine,cardiovascular disease,0.29788828,0.12130581025511089,0.95,0.65,0.0,0.7123372960334509,0.5638231154163743,0.6982481791430365,1.0,0.6262041267270018
carbamazepine,type 2 diabetes,0.2841937,0.1388976576378913,0.95,0.65,0.0,0.7123372960334509,0.5638231154163743,0.6982481791430365,1.0,0.6262041267270018
carbamazepine,rheumatoid arthritis,0.5155948,0.0007018584503357683,0.95,0.41412163676143754,0.63092977,0.7123372960334509,0.5638231154163743,0.6982481791430365,1.0,0.6262041267270018
carbamazepine,pain,0.2580882,0.17615219550249117,0.95,0.43796793410379825,0.63092977,0.7123372960334509,0.5638231154163743,0.6982481791430365,1.0,0.6262041267270018
gabapentin,hypertension,0.27701983,0.14864167868782552,0.95,0.65,0.0,0.7034241973357293,0.5386349279592108,0.721649886085674,1.0,0.2619736521410083
gabapentin,asthma,0.086695954,0.5746558615477935,0.95,0.41412163676143754,0.0,0.7034241973357293,0.5386349279592108,0.721649886085674,1.0,1.0
gabapentin,copd,0.12651347,0.45220176338069895,0.95,0.65,0.0,0.7034241973357293,0.5386349279592108,0.721649886085674,1.0,1.0
gabapentin,osteoporosis,0.2998416,0.11890278266593035,0.95,0.65,0.0,0.7034241973357293,0.5386349279592108,0.721649886085674,1.0,1.0
gabapentin,alzheimer disease,0.18825674,0.3021895951959751,0.95,0.65,0.0,0.7034241973357293,0.5386349279592108,0.721649886085674,1.0,1.0
gabapentin,parkinson disease,0.3789686,0.042689702831981924,0.95,0.41412163676143754,0.0,0.7034241973357293,0.5386349279592108,0.721649886085674,1.0,1.0
gabapentin,multiple sclerosis,0.1888718,0.3008946088306409,0.95,0.41412163676143754,0.0,0.7034241973357293,0.5386349279592108,0.721649886085674,1.0,1.0
gabapentin,crohn disease,0.30785227,0.10932128522106155,0.95,0.41412163676143754,0.0,0.7034241973357293,0.5386349279592108,0.721649886085674,1.0,1.0
gabapentin,ulcerative colitis,0.2488816,0.1904993322027685,0.95,0.43796793410379825,0.63092977,0.7034241973357293,0.5386349279592108,0.721649886085674,1.0,1.0
gabapentin,psoriasis,0.122229904,0.4642631216640213,0.95,0.43796793410379825,0.63092977,0.7034241973357293,0.5386349279592108,0.721649886085674,1.0,1.0
gabapentin,inflammation,0.3113856,0.10523360157535433,0.95,0.43796793410379825,0.0,0.7034241973357293,0.5386349279592108,0.721649886085674,1.0,0.6262041267270018
gabapentin,cardiovascular disease,0.37566048,0.04508060564427663,0.95,0.65,0.0,0.7034241973357293,0.5386349279592108,0.721649886085674,1.0,0.6262041267270018
gabapentin,type 2 diabetes,0.44174486,0.009814273214976299,0.95,0.65,0.0,0.7034241973357293,0.5386349279592108,0.721649886085674,1.0,0.6262041267270018
gabapentin,rheumatoid arthritis,0.25379497,0.18276217670575245,0.95,0.41412163676143754,0.63092977,0.7034241973357293,0.5386349279592108,0.721649886085674,1.0,0.6262041267270018
gabapentin,pain,0.15923098,0.3675333714953941,0.95,0.43796793410379825,0.63092977,0.7034241973357293,0.5386349279592108,0.721649886085674,1.0,0.6262041267270018
lamotrigine,hypertension,0.31857958,0.09716985102434983,0.95,0.65,0.0,0.07575909142912969,0.9705534308245866,0.5268490070575977,1.0,0.2619736521410083
lamotrigine,asthma,0.11467257,0.4861491178648697,0.95,0.41412163676143754,0.0,0.07575909142912969,0.9705534308245866,0.5268490070575977,1.0,1.0
lamotrigine,copd,0.084917046,0.5807279240148185,0.95,0.65,0.0,0.07575909142912969,0.9705534308245866,0.5268490070575977,1.0,1.0
lamotrigine,osteoporosis,0.14656954,0.39881142625118593,0.95,0.65,0.0,0.07575909142912969,0.9705534308245866,0.5268490070575977,1.0,1.0
lamotrigine,alzheimer disease,0.21172613,0.25523076427379043,0.95,0.65,0.0,0.07575909142912969,0.9705534308245866,0.5268490070575977,1.0,1.0
lamotrigine,parkinson disease,0.11515744,0.4847210169277677,0.95,0.41412163676143754,0.0,0.07575909142912969,0.9705534308245866,0.5268490070575977,1.0,1.0
lamotrigine,multiple sclerosis,0.09259328,0.5549328481511839,0.95,0.41412163676143754,0.0,0.07575909142912969,0.9705534308245866,0.5268490070575977,1.0,1.0
lamotrigine,crohn disease,0.09242534,0.5554861163390095,0.95,0.41412163676143754,0.0,0.07575909142912969,0.9705534308245866,0.5268490070575977,1.0,1.0
lamotrigine,ulcerative colitis,0.22837539,0.22483154086390744,0.95,0.43796793410379825,0.0,0.07575909142912969,0.9705534308245866,0.5268490070575977,1.0,1.0
lamotrigine,psoriasis,0.13696024,0.4237777177203127,0.95,0.43796793410379825,0.0,0.07575909142912969,0.9705534308245866,0.5268490070575977,1.0,1.0
lamotrigine,inflammation,0.24313633,0.19978278371369196,0.95,0.43796793410379825,0.63092977,0.07575909142912969,0.9705534308245866,0.5268490070575977,1.0,0.6262041267270018
lamotrigine,cardiovascular disease,0.23203944,0.21845046856894468,0.95,0.65,0.0,0.07575909142912969,0.9705534308245866,0.5268490070575977,1.0,0.6262041267270018
lamotrigine,type 2 diabetes,0.19038436,0.29772518355355293,0.95,0.65,0.0,0.07575909142912969,0.9705534308245866,0.5268490070575977,1.0,0.6262041267270018
lamotrigine,rheumatoid arthritis,0.20963612,0.2592134525111459,0.95,0.41412163676143754,0.0,0.07575909142912969,0.9705534308245866,0.5268490070575977,1.0,0.6262041267270018
lamotrigine,pain,0.1997987,0.27847464949452616,0.95,0.43796793410379825,0.63092977,0.07575909142912969,0.9705534308245866,0.5268490070575977,1.0,0.6262041267270018
dexamethasone,hypertension,0.07918737,0.6006905952354055,0.95,0.65,0.0,0.8452896082261165,0.9057738702077242,0.5341969500007397,1.0,0.2619736521410083
dexamethasone,asthma,0.020562144,0.8554146583719267,0.95,0.41412163676143754,0.0,0.8452896082261165,0.9057738702077242,0.5341969500007397,1.0,1.0
dexamethasone,copd,0.042050533,0.7483838998407146,0.95,0.65,0.0,0.8452896082261165,0.9057738702077242,0.5341969500007397,1.0,1.0
dexamethasone,osteoporosis,0.115448445,0.48386544623538796,0.95,0.65,0.0,0.8452896082261165,0.9057738702077242,0.5341969500007397,1.0,1.0
dexamethasone,alzheimer disease,0.06747589,0.6435671814632165,0.95,0.65,0.0,0.8452896082261165,0.9057738702077242,0.5341969500007397,1.0,1.0
dexamethasone,parkinson disease,0.21331438,0.2522294950335835,0.95,0.41412163676143754,0.0,0.8452896082261165,0.9057738702077242,0.5341969500007397,1.0,1.0
dexamethasone,multiple sclerosis,0.038737547,0.7635263488120756,0.95,0.41412163676143754,0.0,0.8452896082261165,0.9057738702077242,0.5341969500007397,1.0,1.0
dexamethasone,crohn disease,0.040085927,0.7573139914976093,0.95,0.41412163676143754,0.63092977,0.8452896082261165,0.9057738702077242,0.5341969500007397,1.0,1.0
dexamethasone,ulcerative colitis,0.04634849,0.7293216867843828,0.95,0.43796793410379825,0.0,0.8452896082261165,0.9057738702077242,0.5341969500007397,1.0,1.0
dexamethasone,psoriasis,0.055931803,0.688920618833091,0.95,0.43796793410379825,0.0,0.8452896082261165,0.9057738702077242,0.5341969500007397,1.0,1.0
dexamethasone,inflammation,0.16154736,0.36200146353906637,0.95,0.43796793410379825,0.63092977,0.8452896082261165,0.9057738702077242,0.5341969500007397,1.0,0.6262041267270018
dexamethasone,cardiovascular disease,0.2760263,0.1500202916171418,0.95,0.65,0.0,0.8452896082261165,0.9057738702077242,0.5341969500007397,1.0,0.6262041267270018
dexamethasone,type 2 diabetes,0.11059836,0.4982818059526375,0.95,0.65,0.0,0.8452896082261165,0.9057738702077242,0.5341969500007397,1.0,0.6262041267270018
dexamethasone,rheumatoid arthritis,0.0743953,0.6178840018117995,0.95,0.41412163676143754,0.0,0.8452896082261165,0.9057738702077242,0.5341969500007397,1.0,0.6262041267270018
dexamethasone,pain,0.073909745,0.619652456414959,0.95,0.43796793410379825,0.63092977,0.8452896082261165,0.9057738702077242,0.5341969500007397,1.0,0.6262041267270018
aspirin,hypertension,0.12627868,0.45285658732385914,0.95,0.65,0.0,0.1463277066145291,0.9097410775534612,0.732514587965143,1.0,0.2619736521410083
aspirin,asthma,0.17906277,0.3219775750389482,0.95,0.41412163676143754,0.0,0.1463277066145291,0.9097410775534612,0.732514587965143,1.0,1.0
aspirin,copd,0.19483292,0.2885272074201082,0.95,0.65,0.0,0.1463277066145291,0.9097410775534612,0.732514587965143,1.0,1.0
aspirin,osteoporosis,0.45464787,0.005942857752728958,0.95,0.65,0.0,0.1463277066145291,0.9097410775534612,0.732514587965143,1.0,1.0
aspirin,alzheimer disease,0.3258701,0.08934885398503811,0.95,0.65,0.0,0.1463277066145291,0.9097410775534612,0.732514587965143,1.0,1.0
aspirin,parkinson disease,0.5898615,0.02342687201341842,0.95,0.41412163676143754,0.0,0.1463277066145291,0.9097410775534612,0.732514587965143,1.0,1.0
aspirin,multiple sclerosis,0.38821575,0.03636160119348486,0.95,0.41412163676143754,0.0,0.1463277066145291,0.9097410775534612,0.732514587965143,1.0,1.0
aspirin,crohn disease,0.57438487,0.016024566737632306,0.95,0.41412163676143754,0.0,0.1463277066145291,0.9097410775534612,0.732514587965143,1.0,1.0
aspirin,ulcerative colitis,0.23772883,0.20875701041836425,0.95,0.43796793410379825,0.63092977,0.1463277066145291,0.9097410775534612,0.732514587965143,1.0,1.0
aspirin,psoriasis,0.24702048,0.19347858766366488,0.95,0.43796793410379825,0.63092977,0.1463277066145291,0.9097410775534612,0.732514587965143,1.0,1.0
aspirin,inflammation,0.44627988,0.008342875645519499,0.95,0.43796793410379825,0.0,0.1463277066145291,0.9097410775534612,0.732514587965143,1.0,0.6262041267270018
aspirin,cardiovascular disease,0.2151809,0.24873016403647796,0.95,0.65,0.0,0.1463277066145291,0.9097410775534612,0.732514587965143,1.0,0.6262041267270018
aspirin,type 2 diabetes,0.17976823,0.3204302471291355,0.95,0.65,0.0,0.1463277066145291,0.9097410775534612,0.732514587965143,1.0,0.6262041267270018
aspirin,rheumatoid arthritis,0.2594553,0.17407670887187887,0.95,0.41412163676143754,0.63092977,0.1463277066145291,0.9097410775534612,0.732514587965143,1.0,0.6262041267270018
aspirin,pain,0.2582553,0.17589783316186514,0.95,0.43796793410379825,0.0,0.1463277066145291,0.9097410775534612,0.732514587965143,1.0,0.6262041267270018
metformin,hypertension,0.23932046,0.2060916232952924,0.95,0.65,0.0,0.7903847031667242,0.8741469192338606,0.7420669605833381,1.0,0.2619736521410083
metformin,asthma,0.34508002,0.07040281520936398,0.95,0.41412163676143754,0.0,0.7903847031667242,0.8741469192338606,0.7420669605833381,1.0,1.0
metformin,copd,0.38020143,0.04181585898294793,0.95,0.65,0.0,0.7903847031667242,0.8741469192338606,0.7420669605833381,1.0,1.0
metformin,osteoporosis,0.7362637,0.16766760340482545,0.95,0.65,0.0,0.7903847031667242,0.8741469192338606,0.7420669605833381,1.0,1.0
metformin,alzheimer disease,0.5074133,0.00015856525626012363,0.95,0.65,0.0,0.7903847031667242,0.8741469192338606,0.7420669605833381,1.0,1.0
metformin,parkinson disease,0.73913795,0.17195547485613694,0.95,0.41412163676143754,0.0,0.7903847031667242,0.8741469192338606,0.7420669605833381,1.0,1.0
metformin,multiple sclerosis,0.41070056,0.02313321163707016,0.95,0.41412163676143754,0.0,0.7903847031667242,0.8741469192338606,0.7420669605833381,1.0,1.0
metformin,crohn disease,0.6564871,0.07185933627952112,0.95,0.41412163676143754,0.0,0.7903847031667242,0.8741469192338606,0.7420669605833381,1.0,1.0
metformin,ulcerative colitis,0.6455569,0.06202640019909089,0.95,0.43796793410379825,0.0,0.7903847031667242,0.8741469192338606,0.7420669605833381,1.0,1.0
metformin,psoriasis,0.5537589,0.008355000422405334,0.95,0.43796793410379825,0.63092977,0.7903847031667242,0.8741469192338606,0.7420669605833381,1.0,1.0
metformin,inflammation,0.5022234,1.4271812186272825e-05,0.95,0.43796793410379825,0.63092977,0.7903847031667242,0.8741469192338606,0.7420669605833381,1.0,0.6262041267270018
metformin,cardiovascular disease,0.27813667,0.14710054215344381,0.95,0.65,0.0,0.7903847031667242,0.8741469192338606,0.7420669605833381,1.0,0.6262041267270018
metformin,type 2 diabetes,0.23247996,0.21769064921743275,0.95,0.65,0.0,0.7903847031667242,0.8741469192338606,0.7420669605833381,1.0,0.6262041267270018
metformin,rheumatoid arthritis,0.56570494,0.012492731019513648,0.95,0.41412163676143754,0.63092977,0.7903847031667242,0.8741469192338606,0.7420669605833381,1.0,0.6262041267270018
metformin,pain,0.5520733,0.007838278547887989,0.95,0.43796793410379825,0.63092977,0.7903847031667242,0.8741469192338606,0.7420669605833381,1.0,0.6262041267270018
prednisone,hypertension,0.14916176,0.39226138100175045,0.95,0.65,0.0,0.971848049343313,0.6697582348380194,0.9612423330937623,1.0,0.2619736521410083
prednisone,asthma,0.08748562,0.5719790375784393,0.95,0.41412163676143754,0.63092977,0.971848049343313,0.6697582348380194,0.9612423330937623,1.0,1.0
prednisone,copd,0.1095833,0.5013421942290783,0.95,0.65,0.0,0.971848049343313,0.6697582348380194,0.9612423330937623,1.0,1.0
prednisone,osteoporosis,0.20772791,0.2628827883586293,0.95,0.65,0.0,0.971848049343313,0.6697582348380194,0.9612423330937623,1.0,1.0
prednisone,alzheimer disease,0.19149032,0.2954213469582574,0.95,0.65,0.0,0.971848049343313,0.6697582348380194,0.9612423330937623,1.0,1.0
prednisone,parkinson disease,0.26207405,0.1701399400023037,0.95,0.41412163676143754,0.0,0.971848049343313,0.6697582348380194,0.9612423330937623,1.0,1.0
prednisone,multiple sclerosis,0.11863864,0.4745650114376917,0.95,0.41412163676143754,0.0,0.971848049343313,0.6697582348380194,0.9612423330937623,1.0,1.0
prednisone,crohn disease,0.24809313,0.19175824520708418,0.95,0.41412163676143754,0.63092977,0.971848049343313,0.6697582348380194,0.9612423330937623,1.0,1.0
prednisone,ulcerative colitis,0.16308849,0.35835272261402373,0.95,0.43796793410379825,0.63092977,0.971848049343313,0.6697582348380194,0.9612423330937623,1.0,1.0
prednisone,psoriasis,0.12158827,0.46609086728606575,0.95,0.43796793410379825,0.63092977,0.971848049343313,0.6697582348380194,0.9612423330937623,1.0,1.0
prednisone,inflammation,0.40636006,0.025450419883470188,0.95,0.43796793410379825,0.0,0.971848049343313,0.6697582348380194,0.9612423330937623,1.0,0.6262041267270018
prednisone,cardiovascular disease,0.24112467,0.20309439564738085,0.95,0.65,0.0,0.971848049343313,0.6697582348380194,0.9612423330937623,1.0,0.6262041267270018
prednisone,type 2 diabetes,0.2685446,0.1606315351840516,0.95,0.65,0.0,0.971848049343313,0.6697582348380194,0.9612423330937623,1.0,0.6262041267270018
prednisone,rheumatoid arthritis,0.21888824,0.2418677123017502,0.95,0.41412163676143754,0.0,0.971848049343313,0.6697582348380194,0.9612423330937623,1.0,0.6262041267270018
prednisone,pain,0.12653385,0.45214492311458876,0.95,0.43796793410379825,0.63092977,0.971848049343313,0.6697582348380194,0.9612423330937623,1.0,0.6262041267270018
ibuprofen,hypertension,0.1674201,0.3482311136541203,0.95,0.65,0.0,0.08178105336468551,0.7609666042248463,0.548730915846285,1.0,0.2619736521410083
ibuprofen,asthma,0.110026605,0.5000037822444012,0.95,0.41412163676143754,0.0,0.08178105336468551,0.7609666042248463,0.548730915846285,1.0,1.0
ibuprofen,copd,0.07851595,0.6030716950366011,0.95,0.65,0.0,0.08178105336468551,0.7609666042248463,0.548730915846285,1.0,1.0
ibuprofen,osteoporosis,0.110987045,0.49711391476629085,0.95,0.65,0.0,0.08178105336468551,0.7609666042248463,0.548730915846285,1.0,1.0
ibuprofen,alzheimer disease,0.23876736,0.20701551409572738,0.95,0.65,0.0,0.08178105336468551,0.7609666042248463,0.548730915846285,1.0,1.0
ibuprofen,parkinson disease,0.17658962,0.3274407329305934,0.95,0.41412163676143754,0.0,0.08178105336468551,0.7609666042248463,0.548730915846285,1.0,1.0
ibuprofen,multiple sclerosis,0.16111705,0.36302476031170006,0.95,0.41412163676143754,0.0,0.08178105336468551,0.7609666042248463,0.548730915846285,1.0,1.0
ibuprofen,crohn disease,0.085321665,0.5793417008532016,0.95,0.41412163676143754,0.63092977,0.08178105336468551,0.7609666042248463,0.548730915846285,1.0,1.0
ibuprofen,ulcerative colitis,0.2754529,0.15081915103039956,0.95,0.43796793410379825,0.0,0.08178105336468551,0.7609666042248463,0.548730915846285,1.0,1.0
ibuprofen,psoriasis,0.081261694,0.5933907056282082,0.95,0.43796793410379825,0.0,0.08178105336468551,0.7609666042248463,0.548730915846285,1.0,1.0
ibuprofen,inflammation,0.3478533,0.06786374934335093,0.95,0.43796793410379825,0.0,0.08178105336468551,0.7609666042248463,0.548730915846285,1.0,0.6262041267270018
ibuprofen,cardiovascular disease,0.35019386,0.0657589396707664,0.95,0.65,0.0,0.08178105336468551,0.7609666042248463,0.548730915846285,1.0,0.6262041267270018
ibuprofen,type 2 diabetes,0.23712033,0.2097814250782285,0.95,0.65,0.0,0.08178105336468551,0.7609666042248463,0.548730915846285,1.0,0.6262041267270018
ibuprofen,rheumatoid arthritis,0.25719845,0.17751068646165657,0.95,0.41412163676143754,0.0,0.08178105336468551,0.7609666042248463,0.548730915846285,1.0,0.6262041267270018
ibuprofen,pain,0.21484022,0.2493665858359958,0.95,0.43796793410379825,0.0,0.08178105336468551,0.7609666042248463,0.548730915846285,1.0,0.6262041267270018
